{
    "MSE": 0.8786727028400066,
    "R2": 0.20368172393827455
}