{
    "MSE": 0.887662015574189,
    "R2": 0.16457288303136997
}